<?xml version='1.0' encoding='UTF-8' ?><!--
Created by Alight Motion (http://alightmotion.com)
Exported: 2022-07-17 12:11 PM
4.2.0 (0594)
40c3633 (Jun 24, 2022 5:03:30 PM)
-->
<scene title="&#120382;&#120406;&#120423;&#120417; || &#120395;&#120397;&#120384;&#120398;&#120384;&#120399;&#127903;️ &#127853;362&#128248;&#127805;&#127808;" width="1080" height="1920" exportWidth="1080" exportHeight="1920" precompose="dynamicResolution" bgcolor="#ff000000" totalTime="28199" fps="30" modifiedTime="1658031082723" amver="594" ffver="105" am="com.alightcreative.motion/4.2.0" amplatform="android" retime="freeze" retimeAdaptFPS="false">
  <bookmark t="17216" />
  <bookmark t="18083" />
  <bookmark t="19416" />
  <bookmark t="19683" />
  <bookmark t="19916" />
  <bookmark t="20350" />
  <bookmark t="20783" />
  <bookmark t="21250" />
  <bookmark t="21483" />
  <bookmark t="21916" />
  <bookmark t="22150" />
  <bookmark t="22550" />
  <bookmark t="22983" />
  <bookmark t="23216" />
  <bookmark t="23650" />
  <bookmark t="23883" />
  <bookmark t="24316" />
  <bookmark t="24716" />
  <bookmark t="24950" />
  <bookmark t="25383" />
  <bookmark t="25583" />
  <bookmark t="26083" />
  <bookmark t="26250" />
  <bookmark t="26416" />
  <bookmark t="26583" />
  <bookmark t="26750" />
  <bookmark t="27183" />
  <bookmark t="27583" />
  <bookmark t="27883" />
  <bookmark t="19083" />
  <audio id="775606" label="63e02ed1a6fbc7f43b61a23a26336702.mp4" startTime="0" endTime="28199" src="content://media/external/video/media/1261458" outTime="28167" />
  <shape id="775609" label="carl_edit_preset [66BA13B].png" startTime="0" endTime="20799" fillType="media" fillImage="content://media/external/images/media/1255025" s=".rect">
    <transform>
      <location>
        <kf t="0.827732" v="539.000000,960.000000,0.000000" e="cubicBezier 0.0 0.0 0.0 1.0" />
        <kf t="0.869417" v="540.000000,1238.500000,0.000000" e="cubicBezier 0.0 0.0 0.0 1.0" />
        <kf t="0.917496" v="540.000000,1038.000000,0.000000" e="cubicBezier 0.0 0.0 0.0 1.0" />
        <kf t="0.933506" v="540.000000,875.500000,0.000000" e="cubicBezier 0.0 0.0 0.0 1.0" />
        <kf t="0.946344" v="539.000000,692.500000,0.000000" e="cubicBezier 0.0 0.0 0.0 1.0" />
        <kf t="0.957546" v="705.500000,1038.000000,0.000000" e="cubicBezier 0.0 0.0 0.0 1.0" />
        <kf t="0.978412" v="388.000000,1038.000000,0.000000" e="cubicBezier 0.0 0.0 0.0 1.0" />
        <kf t="1.000000" v="540.000000,1038.000000,0.000000" e="cubicBezier 0.0 0.0 0.0 1.0" />
      </location>
      <scale>
        <kf t="0.000769" v="1.301042,1.301042" />
        <kf t="0.060099" v="1.057813,1.057813" e="cubicBezier 0.0 0.0 0.58 1.0" />
        <kf t="0.827732" v="1.057813,1.057813" />
        <kf t="0.869417" v="1.405729,1.405729" e="cubicBezier 0.0 0.0 0.0 1.0" />
        <kf t="0.978412" v="1.405729,1.405729" />
        <kf t="1.000000" v="1.085417,1.085417" e="cubicBezier 0.0 0.0 0.0 1.0" />
      </scale>
    </transform>
    <effect id="com.alightcreative.effects.fade" locallyApplied="true">
      <property name="inTime" type="float" value="1.600000" />
      <property name="outTime" type="float" value="0.600000" />
    </effect>
    <effect id="com.alightcreative.effects.oscillate3" locallyApplied="false">
      <property name="angle" type="float" value="90.000000" />
      <property name="freq" type="float" value="0.500000" />
      <property name="mag" type="float" value="25.000000" />
      <property name="type" type="int" value="0" />
      <property name="phase" type="float" value="0.000000" />
      <property name="direction" type="int" value="0" />
    </effect>
    <effect id="com.alightcreative.effects.swing2" locallyApplied="false">
      <property name="a1" type="float" value="-1.500000" />
      <property name="a2" type="float" value="1.500000" />
      <property name="freq" type="float" value="0.500000" />
      <property name="phase" type="float" value="0.000000" />
      <property name="type" type="int" value="0" />
    </effect>
    <effect id="com.alightcreative.effects.motionblur3" locallyApplied="false">
      <property name="tune" type="float" value="1.000000" />
      <property name="usePos" type="bool" value="true" />
      <property name="useScale" type="bool" value="true" />
      <property name="useAngle" type="bool" value="true" />
    </effect>
    <effect id="com.alightcreative.effects.fractalwarp4" locallyApplied="false">
      <property name="mag" type="float" value="0.030000" />
      <property name="scale" type="float">
        <kf t="0.996217" v="1.000000" />
        <kf t="0.004035" v="1.100000" />
      </property>
      <property name="intensity" type="float" value="0.500000" />
      <property name="screenSpace" type="bool" value="false" />
      <property name="octaves" type="float" value="6.000000" />
    </effect>
    <property name="size" type="vec2" value="540.000000,960.000000" />
  </shape>
  <shape id="775610" label="carl_edit_preset [926DC6F].png" startTime="20766" endTime="21265" fillType="media" fillImage="content://media/external/images/media/1261450" s=".rect">
    <transform>
      <location value="540.000000,960.000000,0.000000" />
      <scale>
        <kf t="0.000000" v="1.000000,1.000000" />
        <kf t="2.773547" v="1.315625,1.315625" e="cubicBezier 0.0 0.0 0.0 1.0" />
        <kf t="3.575150" v="1.035938,1.035938" e="cubicBezier 1.0 0.0 1.0 1.0" />
      </scale>
    </transform>
    <effect id="com.alightcreative.effects.tile" locallyApplied="false">
      <property name="scale" type="float" value="1.000000" />
      <property name="phase" type="float" value="0.000000" />
      <property name="mirror" type="bool" value="true" />
      <property name="vertoffs" type="bool" value="false" />
      <property name="angle" type="float" value="0.000000" />
    </effect>
    <effect id="com.alightcreative.effects.oscillate3" locallyApplied="false">
      <property name="angle" type="float">
        <kf t="0.000000" v="90.000000" />
        <kf t="1.000000" v="-79.000000" />
      </property>
      <property name="freq" type="float" value="0.300000" />
      <property name="mag" type="float">
        <kf t="0.985878" v="0.000000" />
        <kf t="0.000000" v="65.000000" />
      </property>
      <property name="type" type="int" value="0" />
      <property name="phase" type="float" value="0.000000" />
      <property name="direction" type="int" value="0" />
    </effect>
    <effect id="com.alightcreative.effects.motionblur4" locallyApplied="false">
      <property name="tune" type="float" value="1.000000" />
      <property name="usePos" type="bool" value="true" />
      <property name="useScale" type="bool" value="true" />
      <property name="useAngle" type="bool" value="true" />
    </effect>
    <property name="size" type="vec2" value="540.000000,960.000000" />
  </shape>
  <shape id="775611" label="carl_edit_preset [926DC6F].png" startTime="21233" endTime="21499" fillType="media" fillImage="content://media/external/images/media/1261450" s=".rect">
    <transform>
      <location value="540.000000,960.000000,0.000000" />
      <scale>
        <kf t="-1.755639" v="1.000000,1.000000" />
        <kf t="3.447369" v="1.315625,1.315625" e="cubicBezier 0.0 0.0 0.0 1.0" />
        <kf t="4.951128" v="1.035938,1.035938" e="cubicBezier 1.0 0.0 1.0 1.0" />
      </scale>
    </transform>
    <effect id="com.alightcreative.effects.tile" locallyApplied="false">
      <property name="scale" type="float" value="1.000000" />
      <property name="phase" type="float" value="0.000000" />
      <property name="mirror" type="bool" value="true" />
      <property name="vertoffs" type="bool" value="false" />
      <property name="angle" type="float" value="0.000000" />
    </effect>
    <effect id="com.alightcreative.effects.oscillate3" locallyApplied="false">
      <property name="angle" type="float">
        <kf t="0.000000" v="90.000000" />
        <kf t="1.000000" v="-79.000000" />
      </property>
      <property name="freq" type="float" value="0.300000" />
      <property name="mag" type="float">
        <kf t="0.985878" v="0.000000" />
        <kf t="0.000000" v="65.000000" />
      </property>
      <property name="type" type="int" value="0" />
      <property name="phase" type="float" value="0.000000" />
      <property name="direction" type="int" value="0" />
    </effect>
    <effect id="com.alightcreative.effects.motionblur4" locallyApplied="false">
      <property name="tune" type="float" value="1.000000" />
      <property name="usePos" type="bool" value="true" />
      <property name="useScale" type="bool" value="true" />
      <property name="useAngle" type="bool" value="true" />
    </effect>
    <property name="size" type="vec2" value="540.000000,960.000000" />
  </shape>
  <shape id="775612" label="carl_edit_preset [926DC6F].png" startTime="21466" endTime="21932" fillType="media" fillImage="content://media/external/images/media/1261450" s=".rect">
    <transform>
      <location value="540.000000,960.000000,0.000000" />
      <scale>
        <kf t="-1.502146" v="1.000000,1.000000" />
        <kf t="1.467811" v="1.315625,1.315625" e="cubicBezier 0.0 0.0 0.0 1.0" />
        <kf t="2.326180" v="1.035938,1.035938" e="cubicBezier 1.0 0.0 1.0 1.0" />
      </scale>
    </transform>
    <effect id="com.alightcreative.effects.tile" locallyApplied="false">
      <property name="scale" type="float" value="1.000000" />
      <property name="phase" type="float" value="0.000000" />
      <property name="mirror" type="bool" value="true" />
      <property name="vertoffs" type="bool" value="false" />
      <property name="angle" type="float" value="0.000000" />
    </effect>
    <effect id="com.alightcreative.effects.oscillate3" locallyApplied="false">
      <property name="angle" type="float">
        <kf t="0.000000" v="90.000000" />
        <kf t="1.000000" v="-79.000000" />
      </property>
      <property name="freq" type="float" value="0.300000" />
      <property name="mag" type="float">
        <kf t="0.985878" v="0.000000" />
        <kf t="0.000000" v="65.000000" />
      </property>
      <property name="type" type="int" value="0" />
      <property name="phase" type="float" value="0.000000" />
      <property name="direction" type="int" value="0" />
    </effect>
    <effect id="com.alightcreative.effects.motionblur4" locallyApplied="false">
      <property name="tune" type="float" value="1.000000" />
      <property name="usePos" type="bool" value="true" />
      <property name="useScale" type="bool" value="true" />
      <property name="useAngle" type="bool" value="true" />
    </effect>
    <property name="size" type="vec2" value="540.000000,960.000000" />
  </shape>
  <shape id="775613" label="carl_edit_preset [926DC6F].png" startTime="21900" endTime="22165" fillType="media" fillImage="content://media/external/images/media/1261450" s=".rect">
    <transform>
      <location value="540.000000,960.000000,0.000000" />
      <scale>
        <kf t="-4.279245" v="1.000000,1.000000" />
        <kf t="0.943396" v="1.315625,1.315625" e="cubicBezier 0.0 0.0 0.0 1.0" />
        <kf t="2.452830" v="1.035938,1.035938" e="cubicBezier 1.0 0.0 1.0 1.0" />
      </scale>
    </transform>
    <effect id="com.alightcreative.effects.tile" locallyApplied="false">
      <property name="scale" type="float" value="1.000000" />
      <property name="phase" type="float" value="0.000000" />
      <property name="mirror" type="bool" value="true" />
      <property name="vertoffs" type="bool" value="false" />
      <property name="angle" type="float" value="0.000000" />
    </effect>
    <effect id="com.alightcreative.effects.oscillate3" locallyApplied="false">
      <property name="angle" type="float">
        <kf t="0.000000" v="90.000000" />
        <kf t="1.000000" v="-79.000000" />
      </property>
      <property name="freq" type="float" value="0.300000" />
      <property name="mag" type="float">
        <kf t="0.985878" v="0.000000" />
        <kf t="0.000000" v="65.000000" />
      </property>
      <property name="type" type="int" value="0" />
      <property name="phase" type="float" value="0.000000" />
      <property name="direction" type="int" value="0" />
    </effect>
    <effect id="com.alightcreative.effects.motionblur4" locallyApplied="false">
      <property name="tune" type="float" value="1.000000" />
      <property name="usePos" type="bool" value="true" />
      <property name="useScale" type="bool" value="true" />
      <property name="useAngle" type="bool" value="true" />
    </effect>
    <property name="size" type="vec2" value="540.000000,960.000000" />
  </shape>
  <shape id="775614" label="carl_edit_preset [926DC6F].png" startTime="22133" endTime="22565" fillType="media" fillImage="content://media/external/images/media/1261450" s=".rect">
    <transform>
      <location value="540.000000,960.000000,0.000000" />
      <scale>
        <kf t="-3.164352" v="1.000000,1.000000" />
        <kf t="0.039352" v="1.315625,1.315625" e="cubicBezier 0.0 0.0 0.0 1.0" />
        <kf t="0.965278" v="1.035938,1.035938" e="cubicBezier 1.0 0.0 1.0 1.0" />
      </scale>
    </transform>
    <effect id="com.alightcreative.effects.tile" locallyApplied="false">
      <property name="scale" type="float" value="1.000000" />
      <property name="phase" type="float" value="0.000000" />
      <property name="mirror" type="bool" value="true" />
      <property name="vertoffs" type="bool" value="false" />
      <property name="angle" type="float" value="0.000000" />
    </effect>
    <effect id="com.alightcreative.effects.oscillate3" locallyApplied="false">
      <property name="angle" type="float">
        <kf t="0.000000" v="90.000000" />
        <kf t="1.000000" v="-79.000000" />
      </property>
      <property name="freq" type="float" value="0.300000" />
      <property name="mag" type="float">
        <kf t="0.985878" v="0.000000" />
        <kf t="0.000000" v="65.000000" />
      </property>
      <property name="type" type="int" value="0" />
      <property name="phase" type="float" value="0.000000" />
      <property name="direction" type="int" value="0" />
    </effect>
    <effect id="com.alightcreative.effects.motionblur4" locallyApplied="false">
      <property name="tune" type="float" value="1.000000" />
      <property name="usePos" type="bool" value="true" />
      <property name="useScale" type="bool" value="true" />
      <property name="useAngle" type="bool" value="true" />
    </effect>
    <property name="size" type="vec2" value="540.000000,960.000000" />
  </shape>
  <shape id="775615" label="carl_edit_preset [EF68616].png" startTime="22533" endTime="22999" fillType="media" fillImage="content://media/external/images/media/1261452" s=".rect">
    <transform>
      <location value="540.000000,960.000000,0.000000" />
    </transform>
    <effect id="com.alightcreative.effects.tile" locallyApplied="false">
      <property name="scale" type="float" value="1.000000" />
      <property name="phase" type="float" value="0.000000" />
      <property name="mirror" type="bool" value="true" />
      <property name="vertoffs" type="bool" value="false" />
      <property name="angle" type="float" value="0.000000" />
    </effect>
    <effect id="com.alightcreative.effects.oscillate3" locallyApplied="false">
      <property name="angle" type="float">
        <kf t="0.000000" v="90.000000" />
        <kf t="1.000000" v="-79.000000" />
      </property>
      <property name="freq" type="float" value="0.300000" />
      <property name="mag" type="float">
        <kf t="0.985878" v="0.000000" />
        <kf t="0.000000" v="65.000000" />
      </property>
      <property name="type" type="int" value="0" />
      <property name="phase" type="float" value="0.000000" />
      <property name="direction" type="int" value="0" />
    </effect>
    <effect id="com.alightcreative.effects.motionblur4" locallyApplied="false">
      <property name="tune" type="float" value="1.000000" />
      <property name="usePos" type="bool" value="true" />
      <property name="useScale" type="bool" value="true" />
      <property name="useAngle" type="bool" value="true" />
    </effect>
    <effect id="com.alightcreative.effects.glowscan" locallyApplied="false">
      <property name="threshold" type="float">
        <kf t="0.986842" v="1.000000" />
        <kf t="0.015038" v="0.000000" />
      </property>
      <property name="radius" type="float" value="0.100000" />
      <property name="power" type="float" value="2.000000" />
      <property name="strength" type="float" value="0.100000" />
      <property name="fillColor" type="color" value="#ff0088ff" />
      <property name="blend" type="float" value="0.000000" />
      <property name="fill" type="float" value="1.000000" />
      <property name="alpha" type="float" value="1.000000" />
    </effect>
    <property name="size" type="vec2" value="540.000000,960.000000" />
  </shape>
  <shape id="775616" label="carl_edit_preset [EF68616].png" startTime="22966" endTime="23232" fillType="media" fillImage="content://media/external/images/media/1261452" s=".rect">
    <transform>
      <location value="540.000000,960.000000,0.000000" />
    </transform>
    <effect id="com.alightcreative.effects.tile" locallyApplied="false">
      <property name="scale" type="float" value="1.000000" />
      <property name="phase" type="float" value="0.000000" />
      <property name="mirror" type="bool" value="true" />
      <property name="vertoffs" type="bool" value="false" />
      <property name="angle" type="float" value="0.000000" />
    </effect>
    <effect id="com.alightcreative.effects.oscillate3" locallyApplied="false">
      <property name="angle" type="float">
        <kf t="0.000000" v="90.000000" />
        <kf t="1.000000" v="-79.000000" />
      </property>
      <property name="freq" type="float" value="0.300000" />
      <property name="mag" type="float">
        <kf t="0.985878" v="0.000000" />
        <kf t="0.000000" v="65.000000" />
      </property>
      <property name="type" type="int" value="0" />
      <property name="phase" type="float" value="0.000000" />
      <property name="direction" type="int" value="0" />
    </effect>
    <effect id="com.alightcreative.effects.motionblur4" locallyApplied="false">
      <property name="tune" type="float" value="1.000000" />
      <property name="usePos" type="bool" value="true" />
      <property name="useScale" type="bool" value="true" />
      <property name="useAngle" type="bool" value="true" />
    </effect>
    <effect id="com.alightcreative.effects.mirror" locallyApplied="true">
      <property name="type" type="int" value="0" />
      <property name="blendMode" type="int" value="0" />
      <property name="alpha" type="float" value="1.000000" />
      <property name="offset" type="float" value="0.000000" />
    </effect>
    <property name="size" type="vec2" value="540.000000,960.000000" />
  </shape>
  <shape id="775617" label="carl_edit_preset [EF68616].png" startTime="23200" endTime="23665" fillType="media" fillImage="content://media/external/images/media/1261452" s=".rect">
    <transform>
      <location value="540.000000,960.000000,0.000000" />
    </transform>
    <effect id="com.alightcreative.effects.tile" locallyApplied="false">
      <property name="scale" type="float" value="1.000000" />
      <property name="phase" type="float" value="0.000000" />
      <property name="mirror" type="bool" value="true" />
      <property name="vertoffs" type="bool" value="false" />
      <property name="angle" type="float" value="0.000000" />
    </effect>
    <effect id="com.alightcreative.effects.oscillate3" locallyApplied="false">
      <property name="angle" type="float">
        <kf t="0.000000" v="90.000000" />
        <kf t="1.000000" v="-79.000000" />
      </property>
      <property name="freq" type="float" value="0.300000" />
      <property name="mag" type="float">
        <kf t="0.985878" v="0.000000" />
        <kf t="0.000000" v="65.000000" />
      </property>
      <property name="type" type="int" value="0" />
      <property name="phase" type="float" value="0.000000" />
      <property name="direction" type="int" value="0" />
    </effect>
    <effect id="com.alightcreative.effects.motionblur4" locallyApplied="false">
      <property name="tune" type="float" value="1.000000" />
      <property name="usePos" type="bool" value="true" />
      <property name="useScale" type="bool" value="true" />
      <property name="useAngle" type="bool" value="true" />
    </effect>
    <property name="size" type="vec2" value="540.000000,960.000000" />
  </shape>
  <shape id="775618" label="carl_edit_preset [EF68616].png" startTime="23633" endTime="23899" fillType="media" fillImage="content://media/external/images/media/1261452" s=".rect">
    <transform>
      <location value="540.000000,960.000000,0.000000" />
    </transform>
    <effect id="com.alightcreative.effects.tile" locallyApplied="false">
      <property name="scale" type="float" value="1.000000" />
      <property name="phase" type="float" value="0.000000" />
      <property name="mirror" type="bool" value="true" />
      <property name="vertoffs" type="bool" value="false" />
      <property name="angle" type="float" value="0.000000" />
    </effect>
    <effect id="com.alightcreative.effects.oscillate3" locallyApplied="false">
      <property name="angle" type="float">
        <kf t="0.000000" v="90.000000" />
        <kf t="1.000000" v="-79.000000" />
      </property>
      <property name="freq" type="float" value="0.300000" />
      <property name="mag" type="float">
        <kf t="0.985878" v="0.000000" />
        <kf t="0.000000" v="65.000000" />
      </property>
      <property name="type" type="int" value="0" />
      <property name="phase" type="float" value="0.000000" />
      <property name="direction" type="int" value="0" />
    </effect>
    <effect id="com.alightcreative.effects.motionblur4" locallyApplied="false">
      <property name="tune" type="float" value="1.000000" />
      <property name="usePos" type="bool" value="true" />
      <property name="useScale" type="bool" value="true" />
      <property name="useAngle" type="bool" value="true" />
    </effect>
    <effect id="com.alightcreative.effects.mirror" locallyApplied="true">
      <property name="type" type="int" value="0" />
      <property name="blendMode" type="int" value="0" />
      <property name="alpha" type="float" value="1.000000" />
      <property name="offset" type="float" value="0.000000" />
    </effect>
    <property name="size" type="vec2" value="540.000000,960.000000" />
  </shape>
  <shape id="775619" label="carl_edit_preset [EF68616].png" startTime="23866" endTime="24332" fillType="media" fillImage="content://media/external/images/media/1261452" s=".rect">
    <transform>
      <location value="540.000000,960.000000,0.000000" />
    </transform>
    <effect id="com.alightcreative.effects.tile" locallyApplied="false">
      <property name="scale" type="float" value="1.000000" />
      <property name="phase" type="float" value="0.000000" />
      <property name="mirror" type="bool" value="true" />
      <property name="vertoffs" type="bool" value="false" />
      <property name="angle" type="float" value="0.000000" />
    </effect>
    <effect id="com.alightcreative.effects.oscillate3" locallyApplied="false">
      <property name="angle" type="float">
        <kf t="0.000000" v="90.000000" />
        <kf t="1.000000" v="-79.000000" />
      </property>
      <property name="freq" type="float" value="0.300000" />
      <property name="mag" type="float">
        <kf t="0.985878" v="0.000000" />
        <kf t="0.000000" v="65.000000" />
      </property>
      <property name="type" type="int" value="0" />
      <property name="phase" type="float" value="0.000000" />
      <property name="direction" type="int" value="0" />
    </effect>
    <effect id="com.alightcreative.effects.motionblur4" locallyApplied="false">
      <property name="tune" type="float" value="1.000000" />
      <property name="usePos" type="bool" value="true" />
      <property name="useScale" type="bool" value="true" />
      <property name="useAngle" type="bool" value="true" />
    </effect>
    <effect id="com.alightcreative.effects.oscillate3" locallyApplied="false">
      <property name="direction" type="int" value="0" />
      <property name="angle" type="float">
        <kf t="0.000000" v="90.000000" />
        <kf t="0.996217" v="39.000000" />
      </property>
      <property name="freq" type="float">
        <kf t="0.000000" v="0.020000" />
        <kf t="0.996217" v="5.010000" />
      </property>
      <property name="mag" type="float">
        <kf t="0.000000" v="0.000000" />
        <kf t="1.000000" v="111.000000" />
      </property>
      <property name="type" type="int" value="0" />
      <property name="phase" type="float" value="0.000000" />
    </effect>
    <property name="size" type="vec2" value="540.000000,960.000000" />
  </shape>
  <shape id="775621" label="carl_edit_preset [41481FA].png" startTime="24300" endTime="24732" fillType="media" fillImage="content://media/external/images/media/1255026" s=".rect">
    <transform>
      <location value="540.000000,960.000000,0.000000" />
      <scale>
        <kf t="0.000000" v="1.000000,1.000000" />
        <kf t="0.962963" v="1.309375,1.309375" e="cubicBezier 0.0 0.0 0.0 1.0" />
        <kf t="2.969908" v="1.309375,1.309375" />
        <kf t="4.127315" v="1.033333,1.033333" e="cubicBezier 0.0 0.0 0.0 1.0" />
      </scale>
    </transform>
    <effect id="com.alightcreative.effects.mirror" locallyApplied="true">
      <property name="type" type="int" value="0" />
      <property name="blendMode" type="int" value="0" />
      <property name="alpha" type="float">
        <kf t="0.000000" v="0.000000" />
        <kf t="1.000000" v="1.000000" e="cubicBezier 0.0 1.0 0.3214081 1.0" />
      </property>
      <property name="offset" type="float" value="0.000000" />
    </effect>
    <effect id="com.alightcreative.effects.oscillate3" locallyApplied="false">
      <property name="angle" type="float">
        <kf t="0.000000" v="90.000000" />
        <kf t="1.000000" v="-79.000000" />
      </property>
      <property name="freq" type="float" value="0.300000" />
      <property name="mag" type="float">
        <kf t="0.985878" v="0.000000" />
        <kf t="0.000000" v="65.000000" />
      </property>
      <property name="type" type="int" value="0" />
      <property name="phase" type="float" value="0.000000" />
      <property name="direction" type="int" value="0" />
    </effect>
    <effect id="com.alightcreative.effects.motionblur4" locallyApplied="false">
      <property name="tune" type="float" value="1.000000" />
      <property name="usePos" type="bool" value="true" />
      <property name="useScale" type="bool" value="true" />
      <property name="useAngle" type="bool" value="true" />
    </effect>
    <effect id="com.alightcreative.effects.tile" locallyApplied="false">
      <property name="scale" type="float" value="1.000000" />
      <property name="phase" type="float" value="0.000000" />
      <property name="mirror" type="bool" value="true" />
      <property name="vertoffs" type="bool" value="false" />
      <property name="angle" type="float" value="0.000000" />
    </effect>
    <effect id="com.alightcreative.effects.oscillate3" locallyApplied="false">
      <property name="direction" type="int" value="0" />
      <property name="angle" type="float">
        <kf t="0.000000" v="39.000000" />
        <kf t="0.618375" v="90.000000" />
      </property>
      <property name="freq" type="float">
        <kf t="0.000000" v="5.010000" />
        <kf t="0.560071" v="0.020000" />
      </property>
      <property name="mag" type="float">
        <kf t="0.000000" v="111.000000" />
        <kf t="1.000000" v="0.000000" />
      </property>
      <property name="type" type="int" value="0" />
      <property name="phase" type="float" value="0.000000" />
    </effect>
    <property name="size" type="vec2" value="540.000000,960.000000" />
  </shape>
  <shape id="775623" label="carl_edit_preset [41481FA].png" startTime="24700" endTime="24965" fillType="media" fillImage="content://media/external/images/media/1255026" s=".rect">
    <transform>
      <location value="540.000000,960.000000,0.000000" />
      <scale>
        <kf t="-1.509434" v="1.000000,1.000000" />
        <kf t="0.060377" v="1.309375,1.309375" e="cubicBezier 0.0 0.0 0.0 1.0" />
        <kf t="3.332076" v="1.309375,1.309375" />
        <kf t="5.218868" v="1.033333,1.033333" e="cubicBezier 0.0 0.0 0.0 1.0" />
      </scale>
    </transform>
    <effect id="com.alightcreative.effects.mirror" locallyApplied="false">
      <property name="type" type="int" value="0" />
      <property name="blendMode" type="int" value="0" />
      <property name="alpha" type="float">
        <kf t="0.000000" v="1.000000" e="cubicBezier 0.0 1.0 0.58 1.0" />
        <kf t="1.000000" v="0.000000" e="cubicBezier 0.0 1.0 0.58 1.0" />
        <kf t="2.659483" v="0.000000" e="cubicBezier 0.0 1.0 0.58 1.0" />
        <kf t="5.245689" v="0.000000" e="cubicBezier 0.0 1.0 0.58 1.0" />
        <kf t="3.663793" v="1.000000" e="cubicBezier 0.0 1.0 0.58 1.0" />
      </property>
      <property name="offset" type="float" value="0.000000" />
    </effect>
    <effect id="com.alightcreative.effects.tile" locallyApplied="false">
      <property name="scale" type="float" value="1.000000" />
      <property name="phase" type="float" value="0.000000" />
      <property name="mirror" type="bool" value="true" />
      <property name="vertoffs" type="bool" value="false" />
      <property name="angle" type="float" value="0.000000" />
    </effect>
    <effect id="com.alightcreative.effects.oscillate3" locallyApplied="false">
      <property name="angle" type="float">
        <kf t="0.000000" v="90.000000" />
        <kf t="1.000000" v="-79.000000" />
      </property>
      <property name="freq" type="float" value="0.300000" />
      <property name="mag" type="float">
        <kf t="0.985878" v="0.000000" />
        <kf t="0.000000" v="65.000000" />
      </property>
      <property name="type" type="int" value="0" />
      <property name="phase" type="float" value="0.000000" />
      <property name="direction" type="int" value="0" />
    </effect>
    <effect id="com.alightcreative.effects.motionblur4" locallyApplied="false">
      <property name="tune" type="float" value="1.000000" />
      <property name="usePos" type="bool" value="true" />
      <property name="useScale" type="bool" value="true" />
      <property name="useAngle" type="bool" value="true" />
    </effect>
    <property name="size" type="vec2" value="540.000000,960.000000" />
  </shape>
  <shape id="775624" label="carl_edit_preset [41481FA].png" startTime="24933" endTime="25399" fillType="media" fillImage="content://media/external/images/media/1255026" s=".rect">
    <transform>
      <location value="540.000000,960.000000,0.000000" />
      <scale>
        <kf t="-1.358369" v="1.000000,1.000000" />
        <kf t="-0.465665" v="1.309375,1.309375" e="cubicBezier 0.0 0.0 0.0 1.0" />
        <kf t="1.394850" v="1.309375,1.309375" />
        <kf t="2.467811" v="1.033333,1.033333" e="cubicBezier 0.0 0.0 0.0 1.0" />
      </scale>
    </transform>
    <effect id="com.alightcreative.effects.mirror" locallyApplied="false">
      <property name="type" type="int" value="0" />
      <property name="blendMode" type="int" value="0" />
      <property name="alpha" type="float">
        <kf t="0.935345" v="1.000000" e="cubicBezier 0.0 1.0 0.58 1.0" />
        <kf t="0.073276" v="0.000000" e="cubicBezier 0.0 1.0 0.58 1.0" />
        <kf t="2.659483" v="0.000000" e="cubicBezier 0.0 1.0 0.58 1.0" />
        <kf t="5.245689" v="0.000000" e="cubicBezier 0.0 1.0 0.58 1.0" />
        <kf t="3.663793" v="1.000000" e="cubicBezier 0.0 1.0 0.58 1.0" />
      </property>
      <property name="offset" type="float" value="0.000000" />
    </effect>
    <effect id="com.alightcreative.effects.tile" locallyApplied="false">
      <property name="scale" type="float" value="1.000000" />
      <property name="phase" type="float" value="0.000000" />
      <property name="mirror" type="bool" value="true" />
      <property name="vertoffs" type="bool" value="false" />
      <property name="angle" type="float" value="0.000000" />
    </effect>
    <effect id="com.alightcreative.effects.oscillate3" locallyApplied="false">
      <property name="angle" type="float">
        <kf t="0.000000" v="90.000000" />
        <kf t="1.000000" v="-79.000000" />
      </property>
      <property name="freq" type="float" value="0.300000" />
      <property name="mag" type="float">
        <kf t="0.985878" v="0.000000" />
        <kf t="0.000000" v="65.000000" />
      </property>
      <property name="type" type="int" value="0" />
      <property name="phase" type="float" value="0.000000" />
      <property name="direction" type="int" value="0" />
    </effect>
    <effect id="com.alightcreative.effects.motionblur4" locallyApplied="false">
      <property name="tune" type="float" value="1.000000" />
      <property name="usePos" type="bool" value="true" />
      <property name="useScale" type="bool" value="true" />
      <property name="useAngle" type="bool" value="true" />
    </effect>
    <property name="size" type="vec2" value="540.000000,960.000000" />
  </shape>
  <shape id="775625" label="carl_edit_preset [41481FA].png" startTime="25366" endTime="25599" fillType="media" fillImage="content://media/external/images/media/1255026" s=".rect">
    <transform>
      <location value="540.000000,960.000000,0.000000" />
      <scale>
        <kf t="-4.575107" v="1.000000,1.000000" />
        <kf t="-2.789699" v="1.309375,1.309375" e="cubicBezier 0.0 0.0 0.0 1.0" />
        <kf t="0.931331" v="1.309375,1.309375" />
        <kf t="3.077253" v="1.033333,1.033333" e="cubicBezier 0.0 0.0 0.0 1.0" />
      </scale>
    </transform>
    <effect id="com.alightcreative.effects.mirror" locallyApplied="false">
      <property name="type" type="int" value="0" />
      <property name="blendMode" type="int" value="0" />
      <property name="alpha" type="float">
        <kf t="0.000000" v="1.000000" e="cubicBezier 0.0 1.0 0.58 1.0" />
        <kf t="1.000000" v="0.000000" e="cubicBezier 0.0 1.0 0.58 1.0" />
        <kf t="2.659483" v="0.000000" e="cubicBezier 0.0 1.0 0.58 1.0" />
        <kf t="5.245689" v="0.000000" e="cubicBezier 0.0 1.0 0.58 1.0" />
        <kf t="3.663793" v="1.000000" e="cubicBezier 0.0 1.0 0.58 1.0" />
      </property>
      <property name="offset" type="float" value="0.000000" />
    </effect>
    <effect id="com.alightcreative.effects.tile" locallyApplied="false">
      <property name="scale" type="float" value="1.000000" />
      <property name="phase" type="float" value="0.000000" />
      <property name="mirror" type="bool" value="true" />
      <property name="vertoffs" type="bool" value="false" />
      <property name="angle" type="float" value="0.000000" />
    </effect>
    <effect id="com.alightcreative.effects.oscillate3" locallyApplied="false">
      <property name="angle" type="float">
        <kf t="0.000000" v="90.000000" />
        <kf t="1.000000" v="-79.000000" />
      </property>
      <property name="freq" type="float" value="0.300000" />
      <property name="mag" type="float">
        <kf t="0.985878" v="0.000000" />
        <kf t="0.000000" v="65.000000" />
      </property>
      <property name="type" type="int" value="0" />
      <property name="phase" type="float" value="0.000000" />
      <property name="direction" type="int" value="0" />
    </effect>
    <effect id="com.alightcreative.effects.motionblur4" locallyApplied="false">
      <property name="tune" type="float" value="1.000000" />
      <property name="usePos" type="bool" value="true" />
      <property name="useScale" type="bool" value="true" />
      <property name="useAngle" type="bool" value="true" />
    </effect>
    <property name="size" type="vec2" value="540.000000,960.000000" />
  </shape>
  <shape id="775626" label="carl_edit_preset [41481FA].png" startTime="25566" endTime="26099" fillType="media" fillImage="content://media/external/images/media/1255026" s=".rect">
    <transform>
      <location value="540.000000,960.000000,0.000000" />
      <scale>
        <kf t="-2.375234" v="1.000000,1.000000" />
        <kf t="-1.594747" v="1.309375,1.309375" e="cubicBezier 0.0 0.0 0.0 1.0" />
        <kf t="0.031895" v="1.309375,1.309375" />
        <kf t="0.969981" v="1.033333,1.033333" e="cubicBezier 0.0 0.0 0.0 1.0" />
      </scale>
    </transform>
    <effect id="com.alightcreative.effects.tile" locallyApplied="false">
      <property name="scale" type="float" value="1.000000" />
      <property name="phase" type="float" value="0.000000" />
      <property name="mirror" type="bool" value="true" />
      <property name="vertoffs" type="bool" value="false" />
      <property name="angle" type="float" value="0.000000" />
    </effect>
    <effect id="com.alightcreative.effects.oscillate3" locallyApplied="false">
      <property name="angle" type="float">
        <kf t="0.000000" v="90.000000" />
        <kf t="1.000000" v="-79.000000" />
      </property>
      <property name="freq" type="float" value="0.300000" />
      <property name="mag" type="float">
        <kf t="0.985878" v="0.000000" />
        <kf t="0.000000" v="65.000000" />
      </property>
      <property name="type" type="int" value="0" />
      <property name="phase" type="float" value="0.000000" />
      <property name="direction" type="int" value="0" />
    </effect>
    <effect id="com.alightcreative.effects.motionblur4" locallyApplied="false">
      <property name="tune" type="float" value="1.000000" />
      <property name="usePos" type="bool" value="true" />
      <property name="useScale" type="bool" value="true" />
      <property name="useAngle" type="bool" value="true" />
    </effect>
    <property name="size" type="vec2" value="540.000000,960.000000" />
  </shape>
  <shape id="775622" label="carl_edit_preset [41481FA].png" startTime="26066" endTime="26265" fillType="media" fillImage="content://media/external/images/media/1255026" s=".rect">
    <transform>
      <location value="540.000000,960.000000,0.000000" />
      <scale>
        <kf t="0.000000" v="1.000000,1.000000" e="cubicBezier 0.0 0.0 0.0 1.0" />
        <kf t="0.924623" v="1.093229,1.093229" e="cubicBezier 0.0 0.0 0.0 1.0" />
        <kf t="1.758794" v="1.156250,1.156250" e="cubicBezier 0.0 0.0 0.0 1.0" />
        <kf t="2.597990" v="1.244792,1.244792" e="cubicBezier 0.0 0.0 0.0 1.0" />
        <kf t="3.437186" v="1.359896,1.359896" e="cubicBezier 0.0 0.0 0.0 1.0" />
        <kf t="5.613065" v="1.236979,1.236979" e="cubicBezier 0.0 0.0 0.0 1.0" />
        <kf t="7.623115" v="1.118229,1.118229" e="cubicBezier 0.0 0.0 0.0 1.0" />
        <kf t="9.130652" v="1.029167,1.029167" e="cubicBezier 0.0 0.0 0.0 1.0" />
      </scale>
    </transform>
    <effect id="com.alightcreative.effects.tile" locallyApplied="false">
      <property name="scale" type="float" value="1.000000" />
      <property name="phase" type="float" value="0.000000" />
      <property name="mirror" type="bool" value="true" />
      <property name="vertoffs" type="bool" value="false" />
      <property name="angle" type="float" value="0.000000" />
    </effect>
    <effect id="com.alightcreative.effects.oscillate3" locallyApplied="false">
      <property name="angle" type="float">
        <kf t="0.000000" v="90.000000" />
        <kf t="1.000000" v="-79.000000" />
      </property>
      <property name="freq" type="float" value="0.300000" />
      <property name="mag" type="float">
        <kf t="0.985878" v="0.000000" />
        <kf t="0.000000" v="65.000000" />
      </property>
      <property name="type" type="int" value="0" />
      <property name="phase" type="float" value="0.000000" />
      <property name="direction" type="int" value="0" />
    </effect>
    <effect id="com.alightcreative.effects.motionblur4" locallyApplied="false">
      <property name="tune" type="float" value="1.000000" />
      <property name="usePos" type="bool" value="true" />
      <property name="useScale" type="bool" value="true" />
      <property name="useAngle" type="bool" value="true" />
    </effect>
    <property name="size" type="vec2" value="540.000000,960.000000" />
  </shape>
  <shape id="775627" label="carl_edit_preset [41481FA].png" startTime="26233" endTime="26432" fillType="media" fillImage="content://media/external/images/media/1255026" s=".rect">
    <transform>
      <location value="540.000000,960.000000,0.000000" />
      <scale>
        <kf t="-0.839196" v="1.000000,1.000000" e="cubicBezier 0.0 0.0 0.0 1.0" />
        <kf t="0.085427" v="1.093229,1.093229" e="cubicBezier 0.0 0.0 0.0 1.0" />
        <kf t="0.919598" v="1.156250,1.156250" e="cubicBezier 0.0 0.0 0.0 1.0" />
        <kf t="1.758794" v="1.244792,1.244792" e="cubicBezier 0.0 0.0 0.0 1.0" />
        <kf t="2.597990" v="1.359896,1.359896" e="cubicBezier 0.0 0.0 0.0 1.0" />
        <kf t="4.773870" v="1.236979,1.236979" e="cubicBezier 0.0 0.0 0.0 1.0" />
        <kf t="6.783920" v="1.118229,1.118229" e="cubicBezier 0.0 0.0 0.0 1.0" />
        <kf t="8.291457" v="1.029167,1.029167" e="cubicBezier 0.0 0.0 0.0 1.0" />
      </scale>
    </transform>
    <effect id="com.alightcreative.effects.tile" locallyApplied="false">
      <property name="scale" type="float" value="1.000000" />
      <property name="phase" type="float" value="0.000000" />
      <property name="mirror" type="bool" value="true" />
      <property name="vertoffs" type="bool" value="false" />
      <property name="angle" type="float" value="0.000000" />
    </effect>
    <effect id="com.alightcreative.effects.oscillate3" locallyApplied="false">
      <property name="angle" type="float">
        <kf t="0.000000" v="90.000000" />
        <kf t="1.000000" v="-79.000000" />
      </property>
      <property name="freq" type="float" value="0.300000" />
      <property name="mag" type="float">
        <kf t="0.985878" v="0.000000" />
        <kf t="0.000000" v="65.000000" />
      </property>
      <property name="type" type="int" value="0" />
      <property name="phase" type="float" value="0.000000" />
      <property name="direction" type="int" value="0" />
    </effect>
    <effect id="com.alightcreative.effects.motionblur4" locallyApplied="false">
      <property name="tune" type="float" value="1.000000" />
      <property name="usePos" type="bool" value="true" />
      <property name="useScale" type="bool" value="true" />
      <property name="useAngle" type="bool" value="true" />
    </effect>
    <property name="size" type="vec2" value="540.000000,960.000000" />
  </shape>
  <shape id="775628" label="carl_edit_preset [41481FA].png" startTime="26400" endTime="26599" fillType="media" fillImage="content://media/external/images/media/1255026" s=".rect">
    <transform>
      <location value="540.000000,960.000000,0.000000" />
      <scale>
        <kf t="-1.678392" v="1.000000,1.000000" e="cubicBezier 0.0 0.0 0.0 1.0" />
        <kf t="-0.753769" v="1.093229,1.093229" e="cubicBezier 0.0 0.0 0.0 1.0" />
        <kf t="0.080402" v="1.156250,1.156250" e="cubicBezier 0.0 0.0 0.0 1.0" />
        <kf t="0.919598" v="1.244792,1.244792" e="cubicBezier 0.0 0.0 0.0 1.0" />
        <kf t="1.758794" v="1.359896,1.359896" e="cubicBezier 0.0 0.0 0.0 1.0" />
        <kf t="3.934674" v="1.236979,1.236979" e="cubicBezier 0.0 0.0 0.0 1.0" />
        <kf t="5.944724" v="1.118229,1.118229" e="cubicBezier 0.0 0.0 0.0 1.0" />
        <kf t="7.452261" v="1.029167,1.029167" e="cubicBezier 0.0 0.0 0.0 1.0" />
      </scale>
    </transform>
    <effect id="com.alightcreative.effects.tile" locallyApplied="false">
      <property name="scale" type="float" value="1.000000" />
      <property name="phase" type="float" value="0.000000" />
      <property name="mirror" type="bool" value="true" />
      <property name="vertoffs" type="bool" value="false" />
      <property name="angle" type="float" value="0.000000" />
    </effect>
    <effect id="com.alightcreative.effects.oscillate3" locallyApplied="false">
      <property name="angle" type="float">
        <kf t="0.000000" v="90.000000" />
        <kf t="1.000000" v="-79.000000" />
      </property>
      <property name="freq" type="float" value="0.300000" />
      <property name="mag" type="float">
        <kf t="0.985878" v="0.000000" />
        <kf t="0.000000" v="65.000000" />
      </property>
      <property name="type" type="int" value="0" />
      <property name="phase" type="float" value="0.000000" />
      <property name="direction" type="int" value="0" />
    </effect>
    <effect id="com.alightcreative.effects.motionblur4" locallyApplied="false">
      <property name="tune" type="float" value="1.000000" />
      <property name="usePos" type="bool" value="true" />
      <property name="useScale" type="bool" value="true" />
      <property name="useAngle" type="bool" value="true" />
    </effect>
    <property name="size" type="vec2" value="540.000000,960.000000" />
  </shape>
  <shape id="775629" label="carl_edit_preset [41481FA].png" startTime="26566" endTime="26765" fillType="media" fillImage="content://media/external/images/media/1255026" s=".rect">
    <transform>
      <location value="540.000000,960.000000,0.000000" />
      <scale>
        <kf t="-2.512563" v="1.000000,1.000000" e="cubicBezier 0.0 0.0 0.0 1.0" />
        <kf t="-1.587940" v="1.093229,1.093229" e="cubicBezier 0.0 0.0 0.0 1.0" />
        <kf t="-0.753769" v="1.156250,1.156250" e="cubicBezier 0.0 0.0 0.0 1.0" />
        <kf t="0.085427" v="1.244792,1.244792" e="cubicBezier 0.0 0.0 0.0 1.0" />
        <kf t="0.924623" v="1.359896,1.359896" e="cubicBezier 0.0 0.0 0.0 1.0" />
        <kf t="3.100503" v="1.236979,1.236979" e="cubicBezier 0.0 0.0 0.0 1.0" />
        <kf t="5.110553" v="1.118229,1.118229" e="cubicBezier 0.0 0.0 0.0 1.0" />
        <kf t="6.618091" v="1.029167,1.029167" e="cubicBezier 0.0 0.0 0.0 1.0" />
      </scale>
    </transform>
    <effect id="com.alightcreative.effects.tile" locallyApplied="false">
      <property name="scale" type="float" value="1.000000" />
      <property name="phase" type="float" value="0.000000" />
      <property name="mirror" type="bool" value="true" />
      <property name="vertoffs" type="bool" value="false" />
      <property name="angle" type="float" value="0.000000" />
    </effect>
    <effect id="com.alightcreative.effects.oscillate3" locallyApplied="false">
      <property name="angle" type="float">
        <kf t="0.000000" v="90.000000" />
        <kf t="1.000000" v="-79.000000" />
      </property>
      <property name="freq" type="float" value="0.300000" />
      <property name="mag" type="float">
        <kf t="0.985878" v="0.000000" />
        <kf t="0.000000" v="65.000000" />
      </property>
      <property name="type" type="int" value="0" />
      <property name="phase" type="float" value="0.000000" />
      <property name="direction" type="int" value="0" />
    </effect>
    <effect id="com.alightcreative.effects.motionblur4" locallyApplied="false">
      <property name="tune" type="float" value="1.000000" />
      <property name="usePos" type="bool" value="true" />
      <property name="useScale" type="bool" value="true" />
      <property name="useAngle" type="bool" value="true" />
    </effect>
    <property name="size" type="vec2" value="540.000000,960.000000" />
  </shape>
  <shape id="775630" label="carl_edit_preset [41481FA].png" startTime="26733" endTime="27199" fillType="media" fillImage="content://media/external/images/media/1255026" s=".rect">
    <transform>
      <location value="540.000000,960.000000,0.000000" />
      <scale>
        <kf t="-1.431330" v="1.000000,1.000000" e="cubicBezier 0.0 0.0 0.0 1.0" />
        <kf t="-1.036481" v="1.093229,1.093229" e="cubicBezier 0.0 0.0 0.0 1.0" />
        <kf t="-0.680258" v="1.156250,1.156250" e="cubicBezier 0.0 0.0 0.0 1.0" />
        <kf t="-0.321888" v="1.244792,1.244792" e="cubicBezier 0.0 0.0 0.0 1.0" />
        <kf t="0.036481" v="1.359896,1.359896" e="cubicBezier 0.0 0.0 0.0 1.0" />
        <kf t="0.965665" v="1.236979,1.236979" e="cubicBezier 0.0 0.0 0.0 1.0" />
        <kf t="1.824034" v="1.118229,1.118229" e="cubicBezier 0.0 0.0 0.0 1.0" />
        <kf t="2.467811" v="1.029167,1.029167" e="cubicBezier 0.0 0.0 0.0 1.0" />
      </scale>
    </transform>
    <effect id="com.alightcreative.effects.tile" locallyApplied="false">
      <property name="scale" type="float" value="1.000000" />
      <property name="phase" type="float" value="0.000000" />
      <property name="mirror" type="bool" value="true" />
      <property name="vertoffs" type="bool" value="false" />
      <property name="angle" type="float" value="0.000000" />
    </effect>
    <effect id="com.alightcreative.effects.oscillate3" locallyApplied="false">
      <property name="angle" type="float">
        <kf t="0.000000" v="90.000000" />
        <kf t="1.000000" v="-79.000000" />
      </property>
      <property name="freq" type="float" value="0.300000" />
      <property name="mag" type="float">
        <kf t="0.985878" v="0.000000" />
        <kf t="0.000000" v="65.000000" />
      </property>
      <property name="type" type="int" value="0" />
      <property name="phase" type="float" value="0.000000" />
      <property name="direction" type="int" value="0" />
    </effect>
    <effect id="com.alightcreative.effects.motionblur4" locallyApplied="false">
      <property name="tune" type="float" value="1.000000" />
      <property name="usePos" type="bool" value="true" />
      <property name="useScale" type="bool" value="true" />
      <property name="useAngle" type="bool" value="true" />
    </effect>
    <property name="size" type="vec2" value="540.000000,960.000000" />
  </shape>
  <shape id="775631" label="carl_edit_preset [41481FA].png" startTime="27166" endTime="27599" fillType="media" fillImage="content://media/external/images/media/1255026" s=".rect">
    <transform>
      <location value="540.000000,960.000000,0.000000" />
      <scale>
        <kf t="-2.540416" v="1.000000,1.000000" e="cubicBezier 0.0 0.0 0.0 1.0" />
        <kf t="-2.115474" v="1.093229,1.093229" e="cubicBezier 0.0 0.0 0.0 1.0" />
        <kf t="-1.732102" v="1.156250,1.156250" e="cubicBezier 0.0 0.0 0.0 1.0" />
        <kf t="-1.346420" v="1.244792,1.244792" e="cubicBezier 0.0 0.0 0.0 1.0" />
        <kf t="-0.960739" v="1.359896,1.359896" e="cubicBezier 0.0 0.0 0.0 1.0" />
        <kf t="0.039261" v="1.236979,1.236979" e="cubicBezier 0.0 0.0 0.0 1.0" />
        <kf t="0.963048" v="1.118229,1.118229" e="cubicBezier 0.0 0.0 0.0 1.0" />
        <kf t="1.655889" v="1.029167,1.029167" e="cubicBezier 0.0 0.0 0.0 1.0" />
      </scale>
    </transform>
    <effect id="com.alightcreative.effects.tile" locallyApplied="false">
      <property name="scale" type="float" value="1.000000" />
      <property name="phase" type="float" value="0.000000" />
      <property name="mirror" type="bool" value="true" />
      <property name="vertoffs" type="bool" value="false" />
      <property name="angle" type="float" value="0.000000" />
    </effect>
    <effect id="com.alightcreative.effects.oscillate3" locallyApplied="false">
      <property name="angle" type="float">
        <kf t="0.000000" v="90.000000" />
        <kf t="1.000000" v="-79.000000" />
      </property>
      <property name="freq" type="float" value="0.300000" />
      <property name="mag" type="float">
        <kf t="0.985878" v="0.000000" />
        <kf t="0.000000" v="65.000000" />
      </property>
      <property name="type" type="int" value="0" />
      <property name="phase" type="float" value="0.000000" />
      <property name="direction" type="int" value="0" />
    </effect>
    <effect id="com.alightcreative.effects.motionblur4" locallyApplied="false">
      <property name="tune" type="float" value="1.000000" />
      <property name="usePos" type="bool" value="true" />
      <property name="useScale" type="bool" value="true" />
      <property name="useAngle" type="bool" value="true" />
    </effect>
    <property name="size" type="vec2" value="540.000000,960.000000" />
  </shape>
  <shape id="775632" label="carl_edit_preset [41481FA].png" startTime="27566" endTime="27899" fillType="media" fillImage="content://media/external/images/media/1255026" s=".rect">
    <transform>
      <location value="540.000000,960.000000,0.000000" />
      <scale>
        <kf t="-4.504504" v="1.000000,1.000000" e="cubicBezier 0.0 0.0 0.0 1.0" />
        <kf t="-3.951952" v="1.093229,1.093229" e="cubicBezier 0.0 0.0 0.0 1.0" />
        <kf t="-3.453454" v="1.156250,1.156250" e="cubicBezier 0.0 0.0 0.0 1.0" />
        <kf t="-2.951952" v="1.244792,1.244792" e="cubicBezier 0.0 0.0 0.0 1.0" />
        <kf t="-2.450450" v="1.359896,1.359896" e="cubicBezier 0.0 0.0 0.0 1.0" />
        <kf t="-1.150150" v="1.236979,1.236979" e="cubicBezier 0.0 0.0 0.0 1.0" />
        <kf t="0.051051" v="1.118229,1.118229" e="cubicBezier 0.0 0.0 0.0 1.0" />
        <kf t="0.951952" v="1.029167,1.029167" e="cubicBezier 0.0 0.0 0.0 1.0" />
      </scale>
    </transform>
    <effect id="com.alightcreative.effects.tile" locallyApplied="false">
      <property name="scale" type="float" value="1.000000" />
      <property name="phase" type="float" value="0.000000" />
      <property name="mirror" type="bool" value="true" />
      <property name="vertoffs" type="bool" value="false" />
      <property name="angle" type="float" value="0.000000" />
    </effect>
    <effect id="com.alightcreative.effects.oscillate3" locallyApplied="false">
      <property name="angle" type="float">
        <kf t="0.000000" v="90.000000" />
        <kf t="1.000000" v="-79.000000" />
      </property>
      <property name="freq" type="float" value="0.300000" />
      <property name="mag" type="float">
        <kf t="0.985878" v="0.000000" />
        <kf t="0.000000" v="65.000000" />
      </property>
      <property name="type" type="int" value="0" />
      <property name="phase" type="float" value="0.000000" />
      <property name="direction" type="int" value="0" />
    </effect>
    <effect id="com.alightcreative.effects.motionblur4" locallyApplied="false">
      <property name="tune" type="float" value="1.000000" />
      <property name="usePos" type="bool" value="true" />
      <property name="useScale" type="bool" value="true" />
      <property name="useAngle" type="bool" value="true" />
    </effect>
    <property name="size" type="vec2" value="540.000000,960.000000" />
  </shape>
  <shape id="775633" label="&#120382;&#120406;&#120423;&#120417; || &#120395;&#120397;&#120384;&#120398;&#120384;&#120399;&#127903;️ &#127853;cc" startTime="27866" endTime="28199" fillType="gradient" fillImage="am:B7EED49B996E4AF210D13FFD4B26B337C3898221.jpg" s=".rect">
    <transform>
      <location>
        <kf t="-10.869731" v="544.507813,957.351563,0.000000" />
        <kf t="-8.807012" v="540.000000,637.843750,0.000000" e="cubicBezier 0.0 0.0 0.0 1.0" />
        <kf t="-1.223472" v="540.000000,1263.343750,0.000000" />
        <kf t="0.040442" v="540.000000,960.000000,0.000000" e="cubicBezier 1.0 0.0 0.58 1.0" />
      </location>
      <scale>
        <kf t="-10.869731" v="1.000000,1.000000" />
        <kf t="-8.807012" v="1.320833,1.320833" e="cubicBezier 0.0 0.0 0.0 1.0" />
        <kf t="-1.223472" v="1.320833,1.320833" />
        <kf t="0.040442" v="1.000000,1.000000" e="cubicBezier 1.0 0.0 0.58 1.0" />
      </scale>
      <opacity>
        <kf t="0.040444" v="1.000000" />
        <kf t="0.951952" v="0.000000" />
      </opacity>
    </transform>
    <gradient type="radial" startColor="#ff888888" endColor="#ff000000" start="0.480393,0.468953" end="1.000000,1.000000" />
    <property name="size" type="vec2" value="540.000000,960.000000" />
  </shape>
  <shape id="775637" label="&#120382;&#120406;&#120423;&#120417; || &#120395;&#120397;&#120384;&#120398;&#120384;&#120399;&#127903;️ &#127853;cc" startTime="0" endTime="28199" fillType="color" blending="subtract" s=".rect">
    <transform>
      <location value="540.000000,960.000000,0.000000" />
      <scale value="5.400000,9.600000" />
      <opacity value="0.699219" />
    </transform>
    <fillColor value="#ffe1d1a7" />
    <effect id="com.alightcreative.effects.lift" locallyApplied="false">
      <property name="fill" type="float" value="0.000000" />
    </effect>
    <effect id="com.alightcreative.effects.gaussianblur" locallyApplied="false">
      <property name="strength" type="float" value="0.150000" />
    </effect>
    <effect id="com.alightcreative.effects.exposure" locallyApplied="false">
      <property name="exposure" type="float" value="-0.500000" />
      <property name="gamma" type="float" value="1.000000" />
      <property name="offset" type="float" value="0.000000" />
    </effect>
    <effect id="com.alightcreative.effects.satvib" locallyApplied="false">
      <property name="saturation" type="float" value="0.525000" />
      <property name="vib" type="float" value="1.000000" />
    </effect>
    <property name="size" type="vec2" value="100.000000,100.000000" />
  </shape>
  <shape id="775638" label="&#120382;&#120406;&#120423;&#120417; || &#120395;&#120397;&#120384;&#120398;&#120384;&#120399;&#127903;️ &#127853;cc" startTime="0" endTime="28199" fillType="color" blending="overlay" s=".rect">
    <transform>
      <location value="540.000000,960.000000,0.000000" />
      <scale value="5.400000,9.600000" />
    </transform>
    <property name="size" type="vec2" value="100.000000,100.000000" />
  </shape>
  <shape id="775639" label="&#120382;&#120406;&#120423;&#120417; || &#120395;&#120397;&#120384;&#120398;&#120384;&#120399;&#127903;️ &#127853;cc" startTime="0" endTime="28199" fillType="gradient" blending="multiply" s=".rect">
    <transform>
      <location value="540.000000,960.000000,0.000000" />
      <scale value="5.400000,9.600000" />
      <opacity value="0.728516" />
    </transform>
    <fillColor value="#ffccc75c" />
    <gradient type="radial" startColor="#ffffffff" endColor="#ff000000" start="0.478714,0.502083" end="0.994716,0.931637" />
    <property name="size" type="vec2" value="100.000000,100.000000" />
  </shape>
</scene>